{"cameraMode":{"drawMode":0,"name":"Shaded","section":"Shading Mode"},"sceneLighting":true,"audioPlay":false,"sceneViewState":{"m_AlwaysRefresh":false,"showFog":true,"showSkybox":true,"showFlares":true,"showImageEffects":true,"showParticleSystems":true,"showVisualEffectGraphs":true,"m_FxEnabled":true},"in2DMode":false,"pivot":{"x":-2.8607802391052248,"y":14.38463020324707,"z":-1.0063272714614869},"rotation":{"x":-0.030886726453900338,"y":0.03417476266622543,"z":-0.001057370100170374,"w":-0.9989426732063294},"size":3.8354086875915529,"orthographic":false}